<?xml version="1.0" encoding="UTF-8"?>
<project-private xmlns="http://www.netbeans.org/ns/project-private/1">
    <editor-bookmarks xmlns="http://www.netbeans.org/ns/editor-bookmarks/2" lastBookmarkId="0"/>
    <open-files xmlns="http://www.netbeans.org/ns/projectui-open-files/2">
        <group>
            <file>file:/D:/Game%20Dev/ProjectIntern/src/projectintern/TitleScreen.java</file>
            <file>file:/D:/Game%20Dev/ProjectIntern/src/projectintern/NewGame.java</file>
            <file>file:/D:/Game%20Dev/ProjectIntern/src/projectintern/ProjectIntern.java</file>
            <file>file:/D:/Game%20Dev/ProjectIntern/src/projectintern/Entity/Entity.java</file>
            <file>file:/D:/Game%20Dev/ProjectIntern/src/projectintern/Game.java</file>
            <file>file:/D:/Game%20Dev/ProjectIntern/src/projectintern/Entity/Player.java</file>
        </group>
    </open-files>
</project-private>
